trid,payer,payee,amount,date,bank,status,chequenumber
1,1,2,10,13/12/2021,ADCB,passed,1
2,2,3,10,14/01/2022,DIB,passed,2
3,3,4,10,15/02/2022,SIB,passed,3
4,4,5,10,16/03/2022,FAB,passed,4
5,5,6,10,13/12/2021,ADCB,passed,5
6,6,7,10,14/01/2022,DIB,passed,6
7,7,8,10,15/02/2022,SIB,passed,7
8,8,9,10,16/03/2022,FAB,passed,8
9,9,10,10,13/12/2021,ADCB,passed,9
10,10,11,10,14/01/2022,DIB,passed,10
11,11,12,10,15/02/2022,SIB,passed,11
12,12,13,10,16/03/2022,FAB,passed,12
13,13,14,10,13/12/2021,ADCB,passed,13
14,14,15,10,14/01/2022,DIB,passed,14
15,15,16,10,15/02/2022,SIB,passed,15
16,16,17,10,16/03/2022,FAB,passed,16
17,17,18,10,13/12/2021,ADCB,passed,17
18,18,19,10,14/01/2022,DIB,passed,18
19,19,20,10,15/02/2022,SIB,passed,19
20,20,21,10,16/03/2022,FAB,bounced,20
21,21,22,10,13/12/2021,ADCB,passed,21
22,22,23,10,14/01/2022,DIB,passed,22
23,23,24,10,15/02/2022,SIB,passed,23
24,24,25,10,16/03/2022,FAB,passed,24
25,25,26,10,13/12/2021,ADCB,passed,25
26,26,27,10,14/01/2022,DIB,passed,26
27,27,28,10,15/02/2022,SIB,passed,27
28,28,29,10,16/03/2022,FAB,passed,28
29,29,30,10,13/12/2021,ADCB,passed,29
30,30,31,10,14/01/2022,DIB,passed,30
31,31,32,10,15/02/2022,SIB,passed,31
32,32,33,10,16/03/2022,FAB,passed,32
33,33,34,10,13/12/2021,ADCB,passed,33
34,34,35,10,14/01/2022,DIB,passed,34
35,35,36,10,15/02/2022,SIB,passed,35
36,36,37,10,16/03/2022,FAB,passed,36
37,37,38,10,13/12/2021,ADCB,passed,37
38,38,39,10,14/01/2022,DIB,passed,38
39,39,40,10,15/02/2022,SIB,passed,39
40,40,41,10,16/03/2022,FAB,bounced,40
41,41,42,10,13/12/2021,ADCB,passed,41
42,42,43,10,14/01/2022,DIB,passed,42
43,43,44,10,15/02/2022,SIB,passed,43
44,44,45,10,16/03/2022,FAB,passed,44
45,45,46,10,13/12/2021,ADCB,passed,45
46,46,47,10,14/01/2022,DIB,passed,46
47,47,48,10,15/02/2022,SIB,passed,47
48,48,49,10,16/03/2022,FAB,passed,48
49,49,50,10,13/12/2021,ADCB,passed,49
50,50,51,10,14/01/2022,DIB,passed,50
51,51,52,10,15/02/2022,SIB,passed,51
52,52,53,10,16/03/2022,FAB,passed,52
53,53,54,10,13/12/2021,ADCB,passed,53
54,54,55,10,14/01/2022,DIB,passed,54
55,55,56,10,15/02/2022,SIB,passed,55
56,56,57,10,16/03/2022,FAB,passed,56
57,57,58,10,13/12/2021,ADCB,passed,57
58,58,59,10,14/01/2022,DIB,passed,58
59,59,60,10,15/02/2022,SIB,passed,59
60,60,61,10,16/03/2022,FAB,bounced,60
61,61,62,10,13/12/2021,ADCB,passed,61
62,62,63,10,14/01/2022,DIB,passed,62
63,63,64,10,15/02/2022,SIB,passed,63
64,64,65,10,16/03/2022,FAB,passed,64
65,65,66,10,13/12/2021,ADCB,passed,65
66,66,67,10,14/01/2022,DIB,passed,66
67,67,68,10,15/02/2022,SIB,passed,67
68,68,69,10,16/03/2022,FAB,passed,68
69,69,70,10,13/12/2021,ADCB,passed,69
70,70,71,10,14/01/2022,DIB,passed,70
71,71,72,10,15/02/2022,SIB,passed,71
72,72,73,10,16/03/2022,FAB,passed,72
73,73,74,10,13/12/2021,ADCB,passed,73
74,74,75,10,14/01/2022,DIB,passed,74
75,75,76,10,15/02/2022,SIB,passed,75
76,76,77,10,16/03/2022,FAB,passed,76
77,77,78,10,13/12/2021,ADCB,passed,77
78,78,79,10,14/01/2022,DIB,passed,78
79,79,80,10,15/02/2022,SIB,passed,79
80,80,81,10,16/03/2022,FAB,bounced,80
81,81,82,10,13/12/2021,ADCB,passed,81
82,82,83,10,14/01/2022,DIB,passed,82
83,83,84,10,15/02/2022,SIB,passed,83
84,84,85,10,16/03/2022,FAB,passed,84
85,85,86,10,13/12/2021,ADCB,passed,85
86,86,87,10,14/01/2022,DIB,passed,86
87,87,88,10,15/02/2022,SIB,passed,87
88,88,89,10,16/03/2022,FAB,passed,88
89,89,90,10,13/12/2021,ADCB,passed,89
90,90,91,10,14/01/2022,DIB,passed,90
91,91,92,10,15/02/2022,SIB,passed,91
92,92,93,10,16/03/2022,FAB,passed,92
93,93,94,10,13/12/2021,ADCB,passed,93
94,94,95,10,14/01/2022,DIB,passed,94
95,95,96,10,15/02/2022,SIB,passed,95
96,96,97,10,16/03/2022,FAB,passed,96
97,97,98,10,13/12/2021,ADCB,passed,97
98,98,99,10,14/01/2022,DIB,passed,98
99,99,98,10,15/02/2022,SIB,passed,99
100,100,97,10,16/03/2022,FAB,bounced,100
101,1,3,10,13/12/2021,ADCB,passed,101
102,2,4,10,14/01/2022,DIB,passed,102
103,3,5,10,15/02/2022,SIB,passed,103
104,4,6,10,16/03/2022,FAB,passed,104
105,5,7,10,13/12/2021,ADCB,passed,105
106,6,8,10,14/01/2022,DIB,passed,106
107,7,9,10,15/02/2022,SIB,passed,107
108,8,10,10,16/03/2022,FAB,passed,108
109,9,11,10,13/12/2021,ADCB,passed,109
110,10,12,10,14/01/2022,DIB,passed,110
111,11,13,10,15/02/2022,SIB,passed,111
112,12,14,10,16/03/2022,FAB,passed,112
113,13,15,10,13/12/2021,ADCB,passed,113
114,14,16,10,14/01/2022,DIB,passed,114
115,15,17,10,15/02/2022,SIB,passed,115
116,16,18,10,16/03/2022,FAB,passed,116
117,17,19,10,13/12/2021,ADCB,passed,117
118,18,20,10,14/01/2022,DIB,passed,118
119,19,21,10,15/02/2022,SIB,passed,119
120,20,22,10,16/03/2022,FAB,bounced,120
121,21,23,10,13/12/2021,ADCB,passed,121
122,22,24,10,14/01/2022,DIB,passed,122
123,23,25,10,15/02/2022,SIB,passed,123
124,24,26,10,16/03/2022,FAB,passed,124
125,25,27,10,13/12/2021,ADCB,passed,125
126,26,28,10,14/01/2022,DIB,passed,126
127,27,29,10,15/02/2022,SIB,passed,127
128,28,30,10,16/03/2022,FAB,passed,128
129,29,31,10,13/12/2021,ADCB,passed,129
130,30,32,10,14/01/2022,DIB,passed,130
131,31,33,10,15/02/2022,SIB,passed,131
132,32,34,10,16/03/2022,FAB,passed,132
133,33,35,10,13/12/2021,ADCB,passed,133
134,34,36,10,14/01/2022,DIB,passed,134
135,35,37,10,15/02/2022,SIB,passed,135
136,36,38,10,16/03/2022,FAB,passed,136
137,37,39,10,13/12/2021,ADCB,passed,137
138,38,40,10,14/01/2022,DIB,passed,138
139,39,41,10,15/02/2022,SIB,passed,139
140,40,42,10,16/03/2022,FAB,bounced,140
141,41,43,10,13/12/2021,ADCB,passed,141
142,42,44,10,14/01/2022,DIB,passed,142
143,43,45,10,15/02/2022,SIB,passed,143
144,44,46,10,16/03/2022,FAB,passed,144
145,45,47,10,13/12/2021,ADCB,passed,145
146,46,48,10,14/01/2022,DIB,passed,146
147,47,49,10,15/02/2022,SIB,passed,147
148,48,50,10,16/03/2022,FAB,passed,148
149,49,51,10,13/12/2021,ADCB,passed,149
150,50,52,10,14/01/2022,DIB,passed,150
151,51,53,10,15/02/2022,SIB,passed,151
152,52,54,10,16/03/2022,FAB,passed,152
153,53,55,10,13/12/2021,ADCB,passed,153
154,54,56,10,14/01/2022,DIB,passed,154
155,55,57,10,15/02/2022,SIB,passed,155
156,56,58,10,16/03/2022,FAB,passed,156
157,57,59,10,13/12/2021,ADCB,passed,157
158,58,60,10,14/01/2022,DIB,passed,158
159,59,61,10,15/02/2022,SIB,passed,159
160,60,62,10,16/03/2022,FAB,bounced,160
161,61,63,10,13/12/2021,ADCB,passed,161
162,62,64,10,14/01/2022,DIB,passed,162
163,63,65,10,15/02/2022,SIB,passed,163
164,64,66,10,16/03/2022,FAB,passed,164
165,65,67,10,13/12/2021,ADCB,passed,165
166,66,68,10,14/01/2022,DIB,passed,166
167,67,69,10,15/02/2022,SIB,passed,167
168,68,70,10,16/03/2022,FAB,passed,168
169,69,71,10,13/12/2021,ADCB,passed,169
170,70,72,10,14/01/2022,DIB,passed,170
171,71,73,10,15/02/2022,SIB,passed,171
172,72,74,10,16/03/2022,FAB,passed,172
173,73,75,10,13/12/2021,ADCB,passed,173
174,74,76,10,14/01/2022,DIB,passed,174
175,75,77,10,15/02/2022,SIB,passed,175
176,76,78,10,16/03/2022,FAB,passed,176
177,77,79,10,13/12/2021,ADCB,passed,177
178,78,80,10,14/01/2022,DIB,passed,178
179,79,81,10,15/02/2022,SIB,passed,179
180,80,82,10,16/03/2022,FAB,bounced,180
181,81,83,10,13/12/2021,ADCB,passed,181
182,82,84,10,14/01/2022,DIB,passed,182
183,83,85,10,15/02/2022,SIB,passed,183
184,84,86,10,16/03/2022,FAB,passed,184
185,85,87,10,13/12/2021,ADCB,passed,185
186,86,88,10,14/01/2022,DIB,passed,186
187,87,89,10,15/02/2022,SIB,passed,187
188,88,90,10,16/03/2022,FAB,passed,188
189,89,91,10,13/12/2021,ADCB,passed,189
190,90,92,10,14/01/2022,DIB,passed,190
191,91,93,10,15/02/2022,SIB,passed,191
192,92,94,10,16/03/2022,FAB,passed,192
193,93,95,10,13/12/2021,ADCB,passed,193
194,94,96,10,14/01/2022,DIB,passed,194
195,95,97,10,15/02/2022,SIB,passed,195
196,96,98,10,16/03/2022,FAB,passed,196
197,97,99,10,13/12/2021,ADCB,passed,197
198,98,80,10,14/01/2022,DIB,passed,198
199,99,81,10,15/02/2022,SIB,passed,199
200,100,81,10,16/03/2022,FAB,bounced,200
201,1,4,10,13/12/2021,ADCB,passed,201
202,2,5,10,14/01/2022,DIB,passed,202
203,3,6,10,15/02/2022,SIB,passed,203
204,4,7,10,16/03/2022,FAB,passed,204
205,5,8,10,13/12/2021,ADCB,passed,205
206,6,9,10,14/01/2022,DIB,passed,206
207,7,10,10,15/02/2022,SIB,passed,207
208,8,11,10,16/03/2022,FAB,passed,208
209,9,12,10,13/12/2021,ADCB,passed,209
210,10,13,10,14/01/2022,DIB,passed,210
211,11,14,10,15/02/2022,SIB,passed,211
212,12,15,10,16/03/2022,FAB,passed,212
213,13,16,10,13/12/2021,ADCB,passed,213
214,14,17,10,14/01/2022,DIB,passed,214
215,15,18,10,15/02/2022,SIB,passed,215
216,16,19,10,16/03/2022,FAB,passed,216
217,17,20,10,13/12/2021,ADCB,passed,217
218,18,21,10,14/01/2022,DIB,passed,218
219,19,22,10,15/02/2022,SIB,passed,219
220,20,23,10,16/03/2022,FAB,bounced,220
221,21,24,10,13/12/2021,ADCB,passed,221
222,22,25,10,14/01/2022,DIB,passed,222
223,23,26,10,15/02/2022,SIB,passed,223
224,24,27,10,16/03/2022,FAB,passed,224
225,25,28,10,13/12/2021,ADCB,passed,225
226,26,29,10,14/01/2022,DIB,passed,226
227,27,30,10,15/02/2022,SIB,passed,227
228,28,31,10,16/03/2022,FAB,passed,228
229,29,32,10,13/12/2021,ADCB,passed,229
230,30,33,10,14/01/2022,DIB,passed,230
231,31,34,10,15/02/2022,SIB,passed,231
232,32,35,10,16/03/2022,FAB,passed,232
233,33,36,10,13/12/2021,ADCB,passed,233
234,34,37,10,14/01/2022,DIB,passed,234
235,35,38,10,15/02/2022,SIB,passed,235
236,36,39,10,16/03/2022,FAB,passed,236
237,37,40,10,13/12/2021,ADCB,passed,237
238,38,41,10,14/01/2022,DIB,passed,238
239,39,42,10,15/02/2022,SIB,passed,239
240,40,43,10,16/03/2022,FAB,bounced,240
241,41,44,10,13/12/2021,ADCB,passed,241
242,42,45,10,14/01/2022,DIB,passed,242
243,43,46,10,15/02/2022,SIB,passed,243
244,44,47,10,16/03/2022,FAB,passed,244
245,45,48,10,13/12/2021,ADCB,passed,245
246,46,49,10,14/01/2022,DIB,passed,246
247,47,50,10,15/02/2022,SIB,passed,247
248,48,51,10,16/03/2022,FAB,passed,248
249,49,52,10,13/12/2021,ADCB,passed,249
250,50,53,10,14/01/2022,DIB,passed,250
251,51,54,10,15/02/2022,SIB,passed,251
252,52,55,10,16/03/2022,FAB,passed,252
253,53,56,10,13/12/2021,ADCB,passed,253
254,54,57,10,14/01/2022,DIB,passed,254
255,55,58,10,15/02/2022,SIB,passed,255
256,56,59,10,16/03/2022,FAB,passed,256
257,57,60,10,13/12/2021,ADCB,passed,257
258,58,61,10,14/01/2022,DIB,passed,258
259,59,62,10,15/02/2022,SIB,passed,259
260,60,63,10,16/03/2022,FAB,bounced,260
261,61,64,10,13/12/2021,ADCB,passed,261
262,62,65,10,14/01/2022,DIB,passed,262
263,63,66,10,15/02/2022,SIB,passed,263
264,64,67,10,16/03/2022,FAB,passed,264
265,65,68,10,13/12/2021,ADCB,passed,265
266,66,69,10,14/01/2022,DIB,passed,266
267,67,70,10,15/02/2022,SIB,passed,267
268,68,71,10,16/03/2022,FAB,passed,268
269,69,72,10,13/12/2021,ADCB,passed,269
270,70,73,10,14/01/2022,DIB,passed,270
271,71,74,10,15/02/2022,SIB,passed,271
272,72,75,10,16/03/2022,FAB,passed,272
273,73,76,10,13/12/2021,ADCB,passed,273
274,74,77,10,14/01/2022,DIB,passed,274
275,75,78,10,15/02/2022,SIB,passed,275
276,76,79,10,16/03/2022,FAB,passed,276
277,77,80,10,13/12/2021,ADCB,passed,277
278,78,81,10,14/01/2022,DIB,passed,278
279,79,82,10,15/02/2022,SIB,passed,279
280,80,83,10,16/03/2022,FAB,bounced,280
281,81,84,10,13/12/2021,ADCB,passed,281
282,82,85,10,14/01/2022,DIB,passed,282
283,83,86,10,15/02/2022,SIB,passed,283
284,84,87,10,16/03/2022,FAB,passed,284
285,85,88,10,13/12/2021,ADCB,passed,285
286,86,89,10,14/01/2022,DIB,passed,286
287,87,90,10,15/02/2022,SIB,passed,287
288,88,91,10,16/03/2022,FAB,passed,288
289,89,92,10,13/12/2021,ADCB,passed,289
290,90,93,10,14/01/2022,DIB,passed,290
291,91,94,10,15/02/2022,SIB,passed,291
292,92,95,10,16/03/2022,FAB,passed,292
293,93,96,10,13/12/2021,ADCB,passed,293
294,94,97,10,14/01/2022,DIB,passed,294
295,95,98,10,15/02/2022,SIB,passed,295
296,96,99,10,16/03/2022,FAB,passed,296
297,97,70,10,13/12/2021,ADCB,passed,297
298,98,71,10,14/01/2022,DIB,passed,298
299,99,72,10,15/02/2022,SIB,passed,299
300,100,72,10,16/03/2022,FAB,bounced,300
301,1,5,10,13/12/2021,ADCB,passed,301
302,2,6,10,14/01/2022,DIB,passed,302
303,3,7,10,15/02/2022,SIB,passed,303
304,4,8,10,16/03/2022,FAB,passed,304
305,5,9,10,13/12/2021,ADCB,passed,305
306,6,10,10,14/01/2022,DIB,passed,306
307,7,11,10,15/02/2022,SIB,passed,307
308,8,12,10,16/03/2022,FAB,passed,308
309,9,13,10,13/12/2021,ADCB,passed,309
310,10,14,10,14/01/2022,DIB,passed,310
311,11,15,10,15/02/2022,SIB,passed,311
312,12,16,10,16/03/2022,FAB,passed,312
313,13,17,10,13/12/2021,ADCB,passed,313
314,14,18,10,14/01/2022,DIB,passed,314
315,15,19,10,15/02/2022,SIB,passed,315
316,16,20,10,16/03/2022,FAB,passed,316
317,17,21,10,13/12/2021,ADCB,passed,317
318,18,22,10,14/01/2022,DIB,passed,318
319,19,23,10,15/02/2022,SIB,passed,319
320,20,24,10,16/03/2022,FAB,bounced,320
321,21,25,10,13/12/2021,ADCB,passed,321
322,22,26,10,14/01/2022,DIB,passed,322
323,23,27,10,15/02/2022,SIB,passed,323
324,24,28,10,16/03/2022,FAB,passed,324
325,25,29,10,13/12/2021,ADCB,passed,325
326,26,30,10,14/01/2022,DIB,passed,326
327,27,31,10,15/02/2022,SIB,passed,327
328,28,32,10,16/03/2022,FAB,passed,328
329,29,33,10,13/12/2021,ADCB,passed,329
330,30,34,10,14/01/2022,DIB,passed,330
331,31,35,10,15/02/2022,SIB,passed,331
332,32,36,10,16/03/2022,FAB,passed,332
333,33,37,10,13/12/2021,ADCB,passed,333
334,34,38,10,14/01/2022,DIB,passed,334
335,35,39,10,15/02/2022,SIB,passed,335
336,36,40,10,16/03/2022,FAB,passed,336
337,37,41,10,13/12/2021,ADCB,passed,337
338,38,42,10,14/01/2022,DIB,passed,338
339,39,43,10,15/02/2022,SIB,passed,339
340,40,44,10,16/03/2022,FAB,bounced,340
341,41,45,10,13/12/2021,ADCB,passed,341
342,42,46,10,14/01/2022,DIB,passed,342
343,43,47,10,15/02/2022,SIB,passed,343
344,44,48,10,16/03/2022,FAB,passed,344
345,45,49,10,13/12/2021,ADCB,passed,345
346,46,50,10,14/01/2022,DIB,passed,346
347,47,51,10,15/02/2022,SIB,passed,347
348,48,52,10,16/03/2022,FAB,passed,348
349,49,53,10,13/12/2021,ADCB,passed,349
350,50,54,10,14/01/2022,DIB,passed,350
351,51,55,10,15/02/2022,SIB,passed,351
352,52,56,10,16/03/2022,FAB,passed,352
353,53,57,10,13/12/2021,ADCB,passed,353
354,54,58,10,14/01/2022,DIB,passed,354
355,55,59,10,15/02/2022,SIB,passed,355
356,56,60,10,16/03/2022,FAB,passed,356
357,57,61,10,13/12/2021,ADCB,passed,357
358,58,62,10,14/01/2022,DIB,passed,358
359,59,63,10,15/02/2022,SIB,passed,359
360,60,64,10,16/03/2022,FAB,bounced,360
361,61,65,10,13/12/2021,ADCB,passed,361
362,62,66,10,14/01/2022,DIB,passed,362
363,63,67,10,15/02/2022,SIB,passed,363
364,64,68,10,16/03/2022,FAB,passed,364
365,65,69,10,13/12/2021,ADCB,passed,365
366,66,70,10,14/01/2022,DIB,passed,366
367,67,71,10,15/02/2022,SIB,passed,367
368,68,72,10,16/03/2022,FAB,passed,368
369,69,73,10,13/12/2021,ADCB,passed,369
370,70,74,10,14/01/2022,DIB,passed,370
371,71,75,10,15/02/2022,SIB,passed,371
372,72,76,10,16/03/2022,FAB,passed,372
373,73,77,10,13/12/2021,ADCB,passed,373
374,74,78,10,14/01/2022,DIB,passed,374
375,75,79,10,15/02/2022,SIB,passed,375
376,76,80,10,16/03/2022,FAB,passed,376
377,77,81,10,13/12/2021,ADCB,passed,377
378,78,82,10,14/01/2022,DIB,passed,378
379,79,83,10,15/02/2022,SIB,passed,379
380,80,84,10,16/03/2022,FAB,bounced,380
381,81,85,10,13/12/2021,ADCB,passed,381
382,82,86,10,14/01/2022,DIB,passed,382
383,83,87,10,15/02/2022,SIB,passed,383
384,84,88,10,16/03/2022,FAB,passed,384
385,85,89,10,13/12/2021,ADCB,passed,385
386,86,90,10,14/01/2022,DIB,passed,386
387,87,91,10,15/02/2022,SIB,passed,387
388,88,92,10,16/03/2022,FAB,passed,388
389,89,93,10,13/12/2021,ADCB,passed,389
390,90,94,10,14/01/2022,DIB,passed,390
391,91,95,10,15/02/2022,SIB,passed,391
392,92,96,10,16/03/2022,FAB,passed,392
393,93,97,10,13/12/2021,ADCB,passed,393
394,94,98,10,14/01/2022,DIB,passed,394
395,95,99,10,15/02/2022,SIB,passed,395
396,96,100,10,16/03/2022,FAB,passed,396
397,97,60,10,13/12/2021,ADCB,passed,397
398,98,61,10,14/01/2022,DIB,passed,398
399,99,62,10,15/02/2022,SIB,passed,399
400,100,63,10,16/03/2022,FAB,bounced,400
401,1,6,10,13/12/2021,ADCB,passed,401
402,2,7,10,14/01/2022,DIB,passed,402
403,3,8,10,15/02/2022,SIB,passed,403
404,4,9,10,16/03/2022,FAB,passed,404
405,5,10,10,13/12/2021,ADCB,passed,405
406,6,11,10,14/01/2022,DIB,passed,406
407,7,12,10,15/02/2022,SIB,passed,407
408,8,13,10,16/03/2022,FAB,passed,408
409,9,14,10,13/12/2021,ADCB,passed,409
410,10,15,10,14/01/2022,DIB,passed,410
411,11,16,10,15/02/2022,SIB,passed,411
412,12,17,10,16/03/2022,FAB,passed,412
413,13,18,10,13/12/2021,ADCB,passed,413
414,14,19,10,14/01/2022,DIB,passed,414
415,15,20,10,15/02/2022,SIB,passed,415
416,16,21,10,16/03/2022,FAB,passed,416
417,17,22,10,13/12/2021,ADCB,passed,417
418,18,23,10,14/01/2022,DIB,passed,418
419,19,24,10,15/02/2022,SIB,passed,419
420,20,25,10,16/03/2022,FAB,bounced,420
421,21,26,10,13/12/2021,ADCB,passed,421
422,22,27,10,14/01/2022,DIB,passed,422
423,23,28,10,15/02/2022,SIB,passed,423
424,24,29,10,16/03/2022,FAB,passed,424
425,25,30,10,13/12/2021,ADCB,passed,425
426,26,31,10,14/01/2022,DIB,passed,426
427,27,32,10,15/02/2022,SIB,passed,427
428,28,33,10,16/03/2022,FAB,passed,428
429,29,34,10,13/12/2021,ADCB,passed,429
430,30,35,10,14/01/2022,DIB,passed,430
431,31,36,10,15/02/2022,SIB,passed,431
432,32,37,10,16/03/2022,FAB,passed,432
433,33,38,10,13/12/2021,ADCB,passed,433
434,34,39,10,14/01/2022,DIB,passed,434
435,35,40,10,15/02/2022,SIB,passed,435
436,36,41,10,16/03/2022,FAB,passed,436
437,37,42,10,13/12/2021,ADCB,passed,437
438,38,43,10,14/01/2022,DIB,passed,438
439,39,44,10,15/02/2022,SIB,passed,439
440,40,45,10,16/03/2022,FAB,bounced,440
441,41,46,10,13/12/2021,ADCB,passed,441
442,42,47,10,14/01/2022,DIB,passed,442
443,43,48,10,15/02/2022,SIB,passed,443
444,44,49,10,16/03/2022,FAB,passed,444
445,45,50,10,13/12/2021,ADCB,passed,445
446,46,51,10,14/01/2022,DIB,passed,446
447,47,52,10,15/02/2022,SIB,passed,447
448,48,53,10,16/03/2022,FAB,passed,448
449,49,54,10,13/12/2021,ADCB,passed,449
450,50,55,10,14/01/2022,DIB,passed,450
451,51,56,10,15/02/2022,SIB,passed,451
452,52,57,10,16/03/2022,FAB,passed,452
453,53,58,10,13/12/2021,ADCB,passed,453
454,54,59,10,14/01/2022,DIB,passed,454
455,55,60,10,15/02/2022,SIB,passed,455
456,56,61,10,16/03/2022,FAB,passed,456
457,57,62,10,13/12/2021,ADCB,passed,457
458,58,63,10,14/01/2022,DIB,passed,458
459,59,64,10,15/02/2022,SIB,passed,459
460,60,65,10,16/03/2022,FAB,bounced,460
461,61,66,10,13/12/2021,ADCB,passed,461
462,62,67,10,14/01/2022,DIB,passed,462
463,63,68,10,15/02/2022,SIB,passed,463
464,64,69,10,16/03/2022,FAB,passed,464
465,65,70,10,13/12/2021,ADCB,passed,465
466,66,71,10,14/01/2022,DIB,passed,466
467,67,72,10,15/02/2022,SIB,passed,467
468,68,73,10,16/03/2022,FAB,passed,468
469,69,74,10,13/12/2021,ADCB,passed,469
470,70,75,10,14/01/2022,DIB,passed,470
471,71,76,10,15/02/2022,SIB,passed,471
472,72,77,10,16/03/2022,FAB,passed,472
473,73,78,10,13/12/2021,ADCB,passed,473
474,74,79,10,14/01/2022,DIB,passed,474
475,75,80,10,15/02/2022,SIB,passed,475
476,76,81,10,16/03/2022,FAB,passed,476
477,77,82,10,13/12/2021,ADCB,passed,477
478,78,83,10,14/01/2022,DIB,passed,478
479,79,84,10,15/02/2022,SIB,passed,479
480,80,85,10,16/03/2022,FAB,bounced,480
481,81,86,10,13/12/2021,ADCB,passed,481
482,82,87,10,14/01/2022,DIB,passed,482
483,83,88,10,15/02/2022,SIB,passed,483
484,84,89,10,16/03/2022,FAB,passed,484
485,85,90,10,13/12/2021,ADCB,passed,485
486,86,91,10,14/01/2022,DIB,passed,486
487,87,92,10,15/02/2022,SIB,passed,487
488,88,93,10,16/03/2022,FAB,passed,488
489,89,94,10,13/12/2021,ADCB,passed,489
490,90,95,10,14/01/2022,DIB,passed,490
491,91,96,10,15/02/2022,SIB,passed,491
492,92,97,10,16/03/2022,FAB,passed,492
493,93,98,10,13/12/2021,ADCB,passed,493
494,94,99,10,14/01/2022,DIB,passed,494
495,95,98,10,15/02/2022,SIB,passed,495
496,96,97,10,16/03/2022,FAB,passed,496
497,97,96,10,13/12/2021,ADCB,passed,497
498,98,95,10,14/01/2022,DIB,passed,498
499,99,94,10,15/02/2022,SIB,passed,499
500,100,93,10,16/03/2022,FAB,bounced,500
501,1,7,10,13/12/2021,ADCB,passed,501
502,2,8,10,14/01/2022,DIB,passed,502
503,3,9,10,15/02/2022,SIB,passed,503
504,4,10,10,16/03/2022,FAB,passed,504
505,5,11,10,13/12/2021,ADCB,passed,505
506,6,12,10,14/01/2022,DIB,passed,506
507,7,13,10,15/02/2022,SIB,passed,507
508,8,14,10,16/03/2022,FAB,passed,508
509,9,15,10,13/12/2021,ADCB,passed,509
510,10,16,10,14/01/2022,DIB,passed,510
511,11,17,10,15/02/2022,SIB,passed,511
512,12,18,10,16/03/2022,FAB,passed,512
513,13,19,10,13/12/2021,ADCB,passed,513
514,14,20,10,14/01/2022,DIB,passed,514
515,15,21,10,15/02/2022,SIB,passed,515
516,16,22,10,16/03/2022,FAB,passed,516
517,17,23,10,13/12/2021,ADCB,passed,517
518,18,24,10,14/01/2022,DIB,passed,518
519,19,25,10,15/02/2022,SIB,passed,519
520,20,26,10,16/03/2022,FAB,bounced,520
521,21,27,10,13/12/2021,ADCB,passed,521
522,22,28,10,14/01/2022,DIB,passed,522
523,23,29,10,15/02/2022,SIB,passed,523
524,24,30,10,16/03/2022,FAB,passed,524
525,25,31,10,13/12/2021,ADCB,passed,525
526,26,32,10,14/01/2022,DIB,passed,526
527,27,33,10,15/02/2022,SIB,passed,527
528,28,34,10,16/03/2022,FAB,passed,528
529,29,35,10,13/12/2021,ADCB,passed,529
530,30,36,10,14/01/2022,DIB,passed,530
531,31,37,10,15/02/2022,SIB,passed,531
532,32,38,10,16/03/2022,FAB,passed,532
533,33,39,10,13/12/2021,ADCB,passed,533
534,34,40,10,14/01/2022,DIB,passed,534
535,35,41,10,15/02/2022,SIB,passed,535
536,36,42,10,16/03/2022,FAB,passed,536
537,37,43,10,13/12/2021,ADCB,passed,537
538,38,44,10,14/01/2022,DIB,passed,538
539,39,45,10,15/02/2022,SIB,passed,539
540,40,46,10,16/03/2022,FAB,bounced,540
541,41,47,10,13/12/2021,ADCB,passed,541
542,42,48,10,14/01/2022,DIB,passed,542
543,43,49,10,15/02/2022,SIB,passed,543
544,44,50,10,16/03/2022,FAB,passed,544
545,45,51,10,13/12/2021,ADCB,passed,545
546,46,52,10,14/01/2022,DIB,passed,546
547,47,53,10,15/02/2022,SIB,passed,547
548,48,54,10,16/03/2022,FAB,passed,548
549,49,55,10,13/12/2021,ADCB,passed,549
550,50,56,10,14/01/2022,DIB,passed,550
551,51,57,10,15/02/2022,SIB,passed,551
552,52,58,10,16/03/2022,FAB,passed,552
553,53,59,10,13/12/2021,ADCB,passed,553
554,54,60,10,14/01/2022,DIB,passed,554
555,55,61,10,15/02/2022,SIB,passed,555
556,56,62,10,16/03/2022,FAB,passed,556
557,57,63,10,13/12/2021,ADCB,passed,557
558,58,64,10,14/01/2022,DIB,passed,558
559,59,65,10,15/02/2022,SIB,passed,559
560,60,66,10,16/03/2022,FAB,bounced,560
561,61,67,10,13/12/2021,ADCB,passed,561
562,62,68,10,14/01/2022,DIB,passed,562
563,63,69,10,15/02/2022,SIB,passed,563
564,64,70,10,16/03/2022,FAB,passed,564
565,65,71,10,13/12/2021,ADCB,passed,565
566,66,72,10,14/01/2022,DIB,passed,566
567,67,73,10,15/02/2022,SIB,passed,567
568,68,74,10,16/03/2022,FAB,passed,568
569,69,75,10,13/12/2021,ADCB,passed,569
570,70,76,10,14/01/2022,DIB,passed,570
571,71,77,10,15/02/2022,SIB,passed,571
572,72,78,10,16/03/2022,FAB,passed,572
573,73,79,10,13/12/2021,ADCB,passed,573
574,74,80,10,14/01/2022,DIB,passed,574
575,75,81,10,15/02/2022,SIB,passed,575
576,76,82,10,16/03/2022,FAB,passed,576
577,77,83,10,13/12/2021,ADCB,passed,577
578,78,84,10,14/01/2022,DIB,passed,578
579,79,85,10,15/02/2022,SIB,passed,579
580,80,86,10,16/03/2022,FAB,bounced,580
581,81,87,10,13/12/2021,ADCB,passed,581
582,82,88,10,14/01/2022,DIB,passed,582
583,83,89,10,15/02/2022,SIB,passed,583
584,84,90,10,16/03/2022,FAB,passed,584
585,85,91,10,13/12/2021,ADCB,passed,585
586,86,92,10,14/01/2022,DIB,passed,586
587,87,93,10,15/02/2022,SIB,passed,587
588,88,94,10,16/03/2022,FAB,passed,588
589,89,95,10,13/12/2021,ADCB,passed,589
590,90,96,10,14/01/2022,DIB,passed,590
591,91,97,10,15/02/2022,SIB,passed,591
592,92,98,10,16/03/2022,FAB,passed,592
593,93,99,10,13/12/2021,ADCB,passed,593
594,94,40,10,14/01/2022,DIB,passed,594
595,95,41,10,15/02/2022,SIB,passed,595
596,96,42,10,16/03/2022,FAB,passed,596
597,97,43,10,13/12/2021,ADCB,passed,597
598,98,44,10,14/01/2022,DIB,passed,598
599,99,45,10,15/02/2022,SIB,passed,599
600,100,46,10,16/03/2022,FAB,bounced,600
601,1,8,10,13/12/2021,ADCB,passed,601
602,2,9,10,14/01/2022,DIB,passed,602
603,3,10,10,15/02/2022,SIB,passed,603
604,4,11,10,16/03/2022,FAB,passed,604
605,5,12,10,13/12/2021,ADCB,passed,605
606,6,13,10,14/01/2022,DIB,passed,606
607,7,14,10,15/02/2022,SIB,passed,607
608,8,15,10,16/03/2022,FAB,passed,608
609,9,16,10,13/12/2021,ADCB,passed,609
610,10,17,10,14/01/2022,DIB,passed,610
611,11,18,10,15/02/2022,SIB,passed,611
612,12,19,10,16/03/2022,FAB,passed,612
613,13,20,10,13/12/2021,ADCB,passed,613
614,14,21,10,14/01/2022,DIB,passed,614
615,15,22,10,15/02/2022,SIB,passed,615
616,16,23,10,16/03/2022,FAB,passed,616
617,17,24,10,13/12/2021,ADCB,passed,617
618,18,25,10,14/01/2022,DIB,passed,618
619,19,26,10,15/02/2022,SIB,passed,619
620,20,27,10,16/03/2022,FAB,bounced,620
621,21,28,10,13/12/2021,ADCB,passed,621
622,22,29,10,14/01/2022,DIB,passed,622
623,23,30,10,15/02/2022,SIB,passed,623
624,24,31,10,16/03/2022,FAB,passed,624
625,25,32,10,13/12/2021,ADCB,passed,625
626,26,33,10,14/01/2022,DIB,passed,626
627,27,34,10,15/02/2022,SIB,passed,627
628,28,35,10,16/03/2022,FAB,passed,628
629,29,36,10,13/12/2021,ADCB,passed,629
630,30,37,10,14/01/2022,DIB,passed,630
631,31,38,10,15/02/2022,SIB,passed,631
632,32,39,10,16/03/2022,FAB,passed,632
633,33,40,10,13/12/2021,ADCB,passed,633
634,34,41,10,14/01/2022,DIB,passed,634
635,35,42,10,15/02/2022,SIB,passed,635
636,36,43,10,16/03/2022,FAB,passed,636
637,37,44,10,13/12/2021,ADCB,passed,637
638,38,45,10,14/01/2022,DIB,passed,638
639,39,46,10,15/02/2022,SIB,passed,639
640,40,47,10,16/03/2022,FAB,bounced,640
641,41,48,10,13/12/2021,ADCB,passed,641
642,42,49,10,14/01/2022,DIB,passed,642
643,43,50,10,15/02/2022,SIB,passed,643
644,44,51,10,16/03/2022,FAB,passed,644
645,45,52,10,13/12/2021,ADCB,passed,645
646,46,53,10,14/01/2022,DIB,passed,646
647,47,54,10,15/02/2022,SIB,passed,647
648,48,55,10,16/03/2022,FAB,passed,648
649,49,56,10,13/12/2021,ADCB,passed,649
650,50,57,10,14/01/2022,DIB,passed,650
651,51,58,10,15/02/2022,SIB,passed,651
652,52,59,10,16/03/2022,FAB,passed,652
653,53,60,10,13/12/2021,ADCB,passed,653
654,54,61,10,14/01/2022,DIB,passed,654
655,55,62,10,15/02/2022,SIB,passed,655
656,56,63,10,16/03/2022,FAB,passed,656
657,57,64,10,13/12/2021,ADCB,passed,657
658,58,65,10,14/01/2022,DIB,passed,658
659,59,66,10,15/02/2022,SIB,passed,659
660,60,67,10,16/03/2022,FAB,bounced,660
661,61,68,10,13/12/2021,ADCB,passed,661
662,62,69,10,14/01/2022,DIB,passed,662
663,63,70,10,15/02/2022,SIB,passed,663
664,64,71,10,16/03/2022,FAB,passed,664
665,65,72,10,13/12/2021,ADCB,passed,665
666,66,73,10,14/01/2022,DIB,passed,666
667,67,74,10,15/02/2022,SIB,passed,667
668,68,75,10,16/03/2022,FAB,passed,668
669,69,76,10,13/12/2021,ADCB,passed,669
670,70,77,10,14/01/2022,DIB,passed,670
671,71,78,10,15/02/2022,SIB,passed,671
672,72,79,10,16/03/2022,FAB,passed,672
673,73,80,10,13/12/2021,ADCB,passed,673
674,74,81,10,14/01/2022,DIB,passed,674
675,75,82,10,15/02/2022,SIB,passed,675
676,76,83,10,16/03/2022,FAB,passed,676
677,77,84,10,13/12/2021,ADCB,passed,677
678,78,85,10,14/01/2022,DIB,passed,678
679,79,86,10,15/02/2022,SIB,passed,679
680,80,87,10,16/03/2022,FAB,bounced,680
681,81,88,10,13/12/2021,ADCB,passed,681
682,82,89,10,14/01/2022,DIB,passed,682
683,83,90,10,15/02/2022,SIB,passed,683
684,84,91,10,16/03/2022,FAB,passed,684
685,85,92,10,13/12/2021,ADCB,passed,685
686,86,93,10,14/01/2022,DIB,passed,686
687,87,94,10,15/02/2022,SIB,passed,687
688,88,95,10,16/03/2022,FAB,passed,688
689,89,96,10,13/12/2021,ADCB,passed,689
690,90,97,10,14/01/2022,DIB,passed,690
691,91,98,10,15/02/2022,SIB,passed,691
692,92,99,10,16/03/2022,FAB,passed,692
693,93,30,10,13/12/2021,ADCB,passed,693
694,94,31,10,14/01/2022,DIB,passed,694
695,95,32,10,15/02/2022,SIB,passed,695
696,96,33,10,16/03/2022,FAB,passed,696
697,97,34,10,13/12/2021,ADCB,passed,697
698,98,35,10,14/01/2022,DIB,passed,698
699,99,36,10,15/02/2022,SIB,passed,699
700,100,37,10,16/03/2022,FAB,bounced,700
701,1,9,10,13/12/2021,ADCB,passed,701
702,2,10,10,14/01/2022,DIB,passed,702
703,3,11,10,15/02/2022,SIB,passed,703
704,4,12,10,16/03/2022,FAB,passed,704
705,5,13,10,13/12/2021,ADCB,passed,705
706,6,14,10,14/01/2022,DIB,passed,706
707,7,15,10,15/02/2022,SIB,passed,707
708,8,16,10,16/03/2022,FAB,passed,708
709,9,17,10,13/12/2021,ADCB,passed,709
710,10,18,10,14/01/2022,DIB,passed,710
711,11,19,10,15/02/2022,SIB,passed,711
712,12,20,10,16/03/2022,FAB,passed,712
713,13,21,10,13/12/2021,ADCB,passed,713
714,14,22,10,14/01/2022,DIB,passed,714
715,15,23,10,15/02/2022,SIB,passed,715
716,16,24,10,16/03/2022,FAB,passed,716
717,17,25,10,13/12/2021,ADCB,passed,717
718,18,26,10,14/01/2022,DIB,passed,718
719,19,27,10,15/02/2022,SIB,passed,719
720,20,28,10,16/03/2022,FAB,bounced,720
721,21,29,10,13/12/2021,ADCB,passed,721
722,22,30,10,14/01/2022,DIB,passed,722
723,23,31,10,15/02/2022,SIB,passed,723
724,24,32,10,16/03/2022,FAB,passed,724
725,25,33,10,13/12/2021,ADCB,passed,725
726,26,34,10,14/01/2022,DIB,passed,726
727,27,35,10,15/02/2022,SIB,passed,727
728,28,36,10,16/03/2022,FAB,passed,728
729,29,37,10,13/12/2021,ADCB,passed,729
730,30,38,10,14/01/2022,DIB,passed,730
731,31,39,10,15/02/2022,SIB,passed,731
732,32,40,10,16/03/2022,FAB,passed,732
733,33,41,10,13/12/2021,ADCB,passed,733
734,34,42,10,14/01/2022,DIB,passed,734
735,35,43,10,15/02/2022,SIB,passed,735
736,36,44,10,16/03/2022,FAB,passed,736
737,37,45,10,13/12/2021,ADCB,passed,737
738,38,46,10,14/01/2022,DIB,passed,738
739,39,47,10,15/02/2022,SIB,passed,739
740,40,48,10,16/03/2022,FAB,bounced,740
741,41,49,10,13/12/2021,ADCB,passed,741
742,42,50,10,14/01/2022,DIB,passed,742
743,43,51,10,15/02/2022,SIB,passed,743
744,44,52,10,16/03/2022,FAB,passed,744
745,45,53,10,13/12/2021,ADCB,passed,745
746,46,54,10,14/01/2022,DIB,passed,746
747,47,55,10,15/02/2022,SIB,passed,747
748,48,56,10,16/03/2022,FAB,passed,748
749,49,57,10,13/12/2021,ADCB,passed,749
750,50,58,10,14/01/2022,DIB,passed,750
751,51,59,10,15/02/2022,SIB,passed,751
752,52,60,10,16/03/2022,FAB,passed,752
753,53,61,10,13/12/2021,ADCB,passed,753
754,54,62,10,14/01/2022,DIB,passed,754
755,55,63,10,15/02/2022,SIB,passed,755
756,56,64,10,16/03/2022,FAB,passed,756
757,57,65,10,13/12/2021,ADCB,passed,757
758,58,66,10,14/01/2022,DIB,passed,758
759,59,67,10,15/02/2022,SIB,passed,759
760,60,68,10,16/03/2022,FAB,bounced,760
761,61,69,10,13/12/2021,ADCB,passed,761
762,62,70,10,14/01/2022,DIB,passed,762
763,63,71,10,15/02/2022,SIB,passed,763
764,64,72,10,16/03/2022,FAB,passed,764
765,65,73,10,13/12/2021,ADCB,passed,765
766,66,74,10,14/01/2022,DIB,passed,766
767,67,75,10,15/02/2022,SIB,passed,767
768,68,76,10,16/03/2022,FAB,passed,768
769,69,77,10,13/12/2021,ADCB,passed,769
770,70,78,10,14/01/2022,DIB,passed,770
771,71,79,10,15/02/2022,SIB,passed,771
772,72,80,10,16/03/2022,FAB,passed,772
773,73,81,10,13/12/2021,ADCB,passed,773
774,74,82,10,14/01/2022,DIB,passed,774
775,75,83,10,15/02/2022,SIB,passed,775
776,76,84,10,16/03/2022,FAB,passed,776
777,77,85,10,13/12/2021,ADCB,passed,777
778,78,86,10,14/01/2022,DIB,passed,778
779,79,87,10,15/02/2022,SIB,passed,779
780,80,88,10,16/03/2022,FAB,bounced,780
781,81,89,10,13/12/2021,ADCB,passed,781
782,82,90,10,14/01/2022,DIB,passed,782
783,83,91,10,15/02/2022,SIB,passed,783
784,84,92,10,16/03/2022,FAB,passed,784
785,85,93,10,13/12/2021,ADCB,passed,785
786,86,94,10,14/01/2022,DIB,passed,786
787,87,95,10,15/02/2022,SIB,passed,787
788,88,96,10,16/03/2022,FAB,passed,788
789,89,97,10,13/12/2021,ADCB,passed,789
790,90,98,10,14/01/2022,DIB,passed,790
791,91,99,10,15/02/2022,SIB,passed,791
792,92,20,10,16/03/2022,FAB,passed,792
793,93,21,10,13/12/2021,ADCB,passed,793
794,94,22,10,14/01/2022,DIB,passed,794
795,95,23,10,15/02/2022,SIB,passed,795
796,96,24,10,16/03/2022,FAB,passed,796
797,97,25,10,13/12/2021,ADCB,passed,797
798,98,26,10,14/01/2022,DIB,passed,798
799,99,27,10,15/02/2022,SIB,passed,799
800,100,28,10,16/03/2022,FAB,bounced,800
801,1,10,10,13/12/2021,ADCB,passed,801
802,2,11,10,14/01/2022,DIB,passed,802
803,3,12,10,15/02/2022,SIB,passed,803
804,4,13,10,16/03/2022,FAB,passed,804
805,5,14,10,13/12/2021,ADCB,passed,805
806,6,15,10,14/01/2022,DIB,passed,806
807,7,16,10,15/02/2022,SIB,passed,807
808,8,17,10,16/03/2022,FAB,passed,808
809,9,18,10,13/12/2021,ADCB,passed,809
810,10,19,10,14/01/2022,DIB,passed,810
811,11,20,10,15/02/2022,SIB,passed,811
812,12,21,10,16/03/2022,FAB,passed,812
813,13,22,10,13/12/2021,ADCB,passed,813
814,14,23,10,14/01/2022,DIB,passed,814
815,15,24,10,15/02/2022,SIB,passed,815
816,16,25,10,16/03/2022,FAB,passed,816
817,17,26,10,13/12/2021,ADCB,passed,817
818,18,27,10,14/01/2022,DIB,passed,818
819,19,28,10,15/02/2022,SIB,passed,819
820,20,29,10,16/03/2022,FAB,bounced,820
821,21,30,10,13/12/2021,ADCB,passed,821
822,22,31,10,14/01/2022,DIB,passed,822
823,23,32,10,15/02/2022,SIB,passed,823
824,24,33,10,16/03/2022,FAB,passed,824
825,25,34,10,13/12/2021,ADCB,passed,825
826,26,35,10,14/01/2022,DIB,passed,826
827,27,36,10,15/02/2022,SIB,passed,827
828,28,37,10,16/03/2022,FAB,passed,828
829,29,38,10,13/12/2021,ADCB,passed,829
830,30,39,10,14/01/2022,DIB,passed,830
831,31,40,10,15/02/2022,SIB,passed,831
832,32,41,10,16/03/2022,FAB,passed,832
833,33,42,10,13/12/2021,ADCB,passed,833
834,34,43,10,14/01/2022,DIB,passed,834
835,35,44,10,15/02/2022,SIB,passed,835
836,36,45,10,16/03/2022,FAB,passed,836
837,37,46,10,13/12/2021,ADCB,passed,837
838,38,47,10,14/01/2022,DIB,passed,838
839,39,48,10,15/02/2022,SIB,passed,839
840,40,49,10,16/03/2022,FAB,bounced,840
841,41,50,10,13/12/2021,ADCB,passed,841
842,42,51,10,14/01/2022,DIB,passed,842
843,43,52,10,15/02/2022,SIB,passed,843
844,44,53,10,16/03/2022,FAB,passed,844
845,45,54,10,13/12/2021,ADCB,passed,845
846,46,55,10,14/01/2022,DIB,passed,846
847,47,56,10,15/02/2022,SIB,passed,847
848,48,57,10,16/03/2022,FAB,passed,848
849,49,58,10,13/12/2021,ADCB,passed,849
850,50,59,10,14/01/2022,DIB,passed,850
851,51,60,10,15/02/2022,SIB,passed,851
852,52,61,10,16/03/2022,FAB,passed,852
853,53,62,10,13/12/2021,ADCB,passed,853
854,54,63,10,14/01/2022,DIB,passed,854
855,55,64,10,15/02/2022,SIB,passed,855
856,56,65,10,16/03/2022,FAB,passed,856
857,57,66,10,13/12/2021,ADCB,passed,857
858,58,67,10,14/01/2022,DIB,passed,858
859,59,68,10,15/02/2022,SIB,passed,859
860,60,69,10,16/03/2022,FAB,bounced,860
861,61,70,10,13/12/2021,ADCB,passed,861
862,62,71,10,14/01/2022,DIB,passed,862
863,63,72,10,15/02/2022,SIB,passed,863
864,64,73,10,16/03/2022,FAB,passed,864
865,65,74,10,13/12/2021,ADCB,passed,865
866,66,75,10,14/01/2022,DIB,passed,866
867,67,76,10,15/02/2022,SIB,passed,867
868,68,77,10,16/03/2022,FAB,passed,868
869,69,78,10,13/12/2021,ADCB,passed,869
870,70,79,10,14/01/2022,DIB,passed,870
871,71,80,10,15/02/2022,SIB,passed,871
872,72,81,10,16/03/2022,FAB,passed,872
873,73,82,10,13/12/2021,ADCB,passed,873
874,74,83,10,14/01/2022,DIB,passed,874
875,75,84,10,15/02/2022,SIB,passed,875
876,76,85,10,16/03/2022,FAB,passed,876
877,77,86,10,13/12/2021,ADCB,passed,877
878,78,87,10,14/01/2022,DIB,passed,878
879,79,88,10,15/02/2022,SIB,passed,879
880,80,89,10,16/03/2022,FAB,bounced,880
881,81,90,10,13/12/2021,ADCB,passed,881
882,82,91,10,14/01/2022,DIB,passed,882
883,83,92,10,15/02/2022,SIB,passed,883
884,84,93,10,16/03/2022,FAB,passed,884
885,85,94,10,13/12/2021,ADCB,passed,885
886,86,95,10,14/01/2022,DIB,passed,886
887,87,96,10,15/02/2022,SIB,passed,887
888,88,97,10,16/03/2022,FAB,passed,888
889,89,98,10,13/12/2021,ADCB,passed,889
890,90,99,10,14/01/2022,DIB,passed,890
891,91,11,10,15/02/2022,SIB,passed,891
892,92,12,10,16/03/2022,FAB,passed,892
893,93,13,10,13/12/2021,ADCB,passed,893
894,94,14,10,14/01/2022,DIB,passed,894
895,95,15,10,15/02/2022,SIB,passed,895
896,96,16,10,16/03/2022,FAB,passed,896
897,97,17,10,13/12/2021,ADCB,passed,897
898,98,18,10,14/01/2022,DIB,passed,898
899,99,19,10,15/02/2022,SIB,passed,899
900,100,10,10,16/03/2022,FAB,bounced,900
901,1,11,10,13/12/2021,ADCB,passed,901
902,2,12,10,14/01/2022,DIB,passed,902
903,3,13,10,15/02/2022,SIB,passed,903
904,4,14,10,16/03/2022,FAB,passed,904
905,5,15,10,13/12/2021,ADCB,passed,905
906,6,16,10,14/01/2022,DIB,passed,906
907,7,17,10,15/02/2022,SIB,passed,907
908,8,18,10,16/03/2022,FAB,passed,908
909,9,19,10,13/12/2021,ADCB,passed,909
910,10,20,10,14/01/2022,DIB,passed,910
911,11,21,10,15/02/2022,SIB,passed,911
912,12,22,10,16/03/2022,FAB,passed,912
913,13,23,10,13/12/2021,ADCB,passed,913
914,14,24,10,14/01/2022,DIB,passed,914
915,15,25,10,15/02/2022,SIB,passed,915
916,16,26,10,16/03/2022,FAB,passed,916
917,17,27,10,13/12/2021,ADCB,passed,917
918,18,28,10,14/01/2022,DIB,passed,918
919,19,29,10,15/02/2022,SIB,passed,919
920,20,30,10,16/03/2022,FAB,bounced,920
921,21,31,10,13/12/2021,ADCB,passed,921
922,22,32,10,14/01/2022,DIB,passed,922
923,23,33,10,15/02/2022,SIB,passed,923
924,24,34,10,16/03/2022,FAB,passed,924
925,25,35,10,13/12/2021,ADCB,passed,925
926,26,36,10,14/01/2022,DIB,passed,926
927,27,37,10,15/02/2022,SIB,passed,927
928,28,38,10,16/03/2022,FAB,passed,928
929,29,39,10,13/12/2021,ADCB,passed,929
930,30,40,10,14/01/2022,DIB,passed,930
931,31,41,10,15/02/2022,SIB,passed,931
932,32,42,10,16/03/2022,FAB,passed,932
933,33,43,10,13/12/2021,ADCB,passed,933
934,34,44,10,14/01/2022,DIB,passed,934
935,35,45,10,15/02/2022,SIB,passed,935
936,36,46,10,16/03/2022,FAB,passed,936
937,37,47,10,13/12/2021,ADCB,passed,937
938,38,48,10,14/01/2022,DIB,passed,938
939,39,49,10,15/02/2022,SIB,passed,939
940,40,50,10,16/03/2022,FAB,bounced,940
941,41,51,10,13/12/2021,ADCB,passed,941
942,42,52,10,14/01/2022,DIB,passed,942
943,43,53,10,15/02/2022,SIB,passed,943
944,44,54,10,16/03/2022,FAB,passed,944
945,45,55,10,13/12/2021,ADCB,passed,945
946,46,56,10,14/01/2022,DIB,passed,946
947,47,57,10,15/02/2022,SIB,passed,947
948,48,58,10,16/03/2022,FAB,passed,948
949,49,59,10,13/12/2021,ADCB,passed,949
950,50,60,10,14/01/2022,DIB,passed,950
951,51,61,10,15/02/2022,SIB,passed,951
952,52,62,10,16/03/2022,FAB,passed,952
953,53,63,10,13/12/2021,ADCB,passed,953
954,54,64,10,14/01/2022,DIB,passed,954
955,55,65,10,15/02/2022,SIB,passed,955
956,56,66,10,16/03/2022,FAB,passed,956
957,57,67,10,13/12/2021,ADCB,passed,957
958,58,68,10,14/01/2022,DIB,passed,958
959,59,69,10,15/02/2022,SIB,passed,959
960,60,70,10,16/03/2022,FAB,bounced,960
961,61,71,10,13/12/2021,ADCB,passed,961
962,62,72,10,14/01/2022,DIB,passed,962
963,63,73,10,15/02/2022,SIB,passed,963
964,64,74,10,16/03/2022,FAB,passed,964
965,65,75,10,13/12/2021,ADCB,passed,965
966,66,76,10,14/01/2022,DIB,passed,966
967,67,77,10,15/02/2022,SIB,passed,967
968,68,78,10,16/03/2022,FAB,passed,968
969,69,79,10,13/12/2021,ADCB,passed,969
970,70,80,10,14/01/2022,DIB,passed,970
971,71,81,10,15/02/2022,SIB,passed,971
972,72,82,10,16/03/2022,FAB,passed,972
973,73,83,10,13/12/2021,ADCB,passed,973
974,74,84,10,14/01/2022,DIB,passed,974
975,75,85,10,15/02/2022,SIB,passed,975
976,76,86,10,16/03/2022,FAB,passed,976
977,77,87,10,13/12/2021,ADCB,passed,977
978,78,88,10,14/01/2022,DIB,passed,978
979,79,89,10,15/02/2022,SIB,passed,979
980,80,90,10,16/03/2022,FAB,bounced,980
981,81,91,10,13/12/2021,ADCB,passed,981
982,82,92,10,14/01/2022,DIB,passed,982
983,83,93,10,15/02/2022,SIB,passed,983
984,84,94,10,16/03/2022,FAB,passed,984
985,85,95,10,13/12/2021,ADCB,passed,985
986,86,96,10,14/01/2022,DIB,passed,986
987,87,97,10,15/02/2022,SIB,passed,987
988,88,98,10,16/03/2022,FAB,passed,988
989,89,99,10,13/12/2021,ADCB,passed,989
990,90,9,10,14/01/2022,DIB,passed,990
991,91,19,10,15/02/2022,SIB,passed,991
992,92,29,10,16/03/2022,FAB,passed,992
993,93,39,10,13/12/2021,ADCB,passed,993
994,94,49,10,14/01/2022,DIB,passed,994
995,95,59,10,15/02/2022,SIB,passed,995
996,96,69,10,16/03/2022,FAB,passed,996
997,97,79,10,13/12/2021,ADCB,passed,997
998,98,89,10,14/01/2022,DIB,passed,998
999,99,1,10,15/02/2022,SIB,passed,999
1000,100,2,10,16/03/2022,FAB,bounced,1000